dataset,analysis_id,dataset_name,analysis_key,k,total_n,p_control,outcome_type,I2,orig_estimate,orig_p,tf_estimate,tf_p,pet_peese_estimate,bias_detected,ois,inf_frac,evidence_class,grade_certainty,sig_fragile,decay_risk,log_k,I2_val,z_mag,outcome_bin,n_per_study,decay_probability
CD000028_pub4_data,2,CD000028_pub4_data,2::1,22,53053,0.0737612830744199,binary,91.7705826425733,-0.0215566238944025,9.47528448104472e-06,-0.0215566238944025,9.47528448104472e-06,-0.0185637836297501,TRUE,108946.355087908,0.486964432698937,Premature,LOW (Downgrade: Imprecision),FALSE,Stable,3.09104245335832,91.7705826425733,4.42881365446588,1,2411.5,1
CD000028_pub4_data,3,CD000028_pub4_data,3::2,10,7722,0.06152977702512,binary,0,-0.484004721823288,7.35773554397847e-06,-0.44516027373413,2.84494391503814e-05,-0.199822553483702,FALSE,10875.146084373,0.710059427256437,Premature,LOW (Downgrade: Imprecision),FALSE,Stable,2.30258509299405,0,4.48306833284942,1,772.2,0.999999992410552
CD000028_pub4_data,3,CD000028_pub4_data,3::2,10,7722,0.06152977702512,binary,0,-0.456962192015419,6.22618584469e-06,-0.437708060734347,1.26702309383194e-05,-0.19265999570056,FALSE,10875.146084373,0.710059427256437,Premature,LOW (Downgrade: Imprecision),FALSE,Stable,2.30258509299405,0,4.51855922469763,1,772.2,0.999999993399498
CD000028_pub4_data,3,CD000028_pub4_data,3::2,10,7722,0.06152977702512,binary,28.77634675165,-0.0239438014057601,0.00258477848635632,-0.0227111019674234,0.00317013470981892,-0.0153233970504981,TRUE,15269.0090838958,0.505730264326345,Premature,LOW (Downgrade: Imprecision),FALSE,Stable,2.30258509299405,28.77634675165,3.01323597104561,1,772.2,0.999998606514029
CD000028_pub4_data,3,CD000028_pub4_data,3::2,10,7722,0.06152977702512,binary,1.08654968487202e-05,-0.481610739640431,7.15507672174923e-06,-0.463647942273338,1.41369524486671e-05,-0.385405115698013,FALSE,10875.1472660118,0.710059350104952,Premature,LOW (Downgrade: Imprecision),FALSE,Stable,2.30258509299405,1.08654968487202e-05,4.48902242055124,1,772.2,0.999999992586248
CD000028_pub4_data,3,CD000028_pub4_data,3::2,10,7722,0.06152977702512,binary,0,-0.484004721823288,7.35773554397847e-06,-0.44516027373413,2.84494391503814e-05,-0.199822553483702,FALSE,10875.146084373,0.710059427256437,Premature,LOW (Downgrade: Imprecision),FALSE,Stable,2.30258509299405,0,4.48306833284942,1,772.2,0.999999992410552
CD000143_pub2_data,1,CD000143_pub2_data,1::overall,47,3269,0.440978593272171,binary,79.92042680594,-0.181269296289182,2.45304758457273e-07,-0.181269296289182,2.45304758457273e-07,-0.00498261857688019,FALSE,4821.54709340455,0.677998148036696,Premature,LOW (Downgrade: Imprecision),FALSE,Stable,3.85014760171006,79.92042680594,5.16125119466556,1,69.5531914893617,0.999994853243623
CD000219_pub5_data,2,CD000219_pub5_data,2::overall,11,3053,0.169993560849968,binary,35.4970525897517,0.61468961745144,3.2385470620463e-06,0.61468961745144,3.2385470620463e-06,0.328932984521166,FALSE,5469.79098085326,0.558156611593912,Premature,LOW (Downgrade: Imprecision),FALSE,Stable,2.39789527279837,35.4970525897517,4.65508014628906,1,277.545454545455,0.999966309450335
CD000219_pub5_data,2,CD000219_pub5_data,2::overall,11,3053,0.169993560849968,binary,22.4211983855356,0.396692030058626,1.63366474677903e-06,0.377090009687131,2.1180050242095e-06,0.348585974366449,FALSE,4547.86143431799,0.671304533810591,Premature,LOW (Downgrade: Imprecision),FALSE,Stable,2.39789527279837,22.4211983855356,4.79414942745926,1,277.545454545455,0.999974750846374
CD000219_pub5_data,2,CD000219_pub5_data,2::overall,11,3053,0.169993560849968,binary,74.6407326993651,0.0780540465499313,0.000221784371312212,0.0780540465499313,0.000221784371312212,-0.00138157148518372,TRUE,13912.7694739901,0.219438696638191,Premature,LOW (Downgrade: Imprecision),FALSE,Stable,2.39789527279837,74.6407326993651,3.69281614104661,1,277.545454545455,0.999316208235585
CD000219_pub5_data,2,CD000219_pub5_data,2::overall,11,3053,0.169993560849968,binary,35.4970525897517,0.61468961745144,3.2385470620463e-06,0.61468961745144,3.2385470620463e-06,0.328932984521166,FALSE,5469.79098085326,0.558156611593912,Premature,LOW (Downgrade: Imprecision),FALSE,Stable,2.39789527279837,35.4970525897517,4.65508014628906,1,277.545454545455,0.999966309450335
CD000219_pub5_data,4,CD000219_pub5_data,4::overall,7,1650,0.032258064516129,binary,0,-0.741655129157561,0.0473188874540449,-0.741655129157561,0.0473188874540449,-0.655116362724383,FALSE,21324.304293475,0.0773764985385657,Premature,LOW (Downgrade: Imprecision),TRUE,HighRisk,1.94591014905531,0,1.98343476170475,1,235.714285714286,0.0597070436145886
CD000219_pub5_data,4,CD000219_pub5_data,4::overall,7,1650,0.032258064516129,binary,0,-0.741655129157561,0.0473188874540449,-0.741655129157561,0.0473188874540449,-0.655116362724383,FALSE,21324.304293475,0.0773764985385657,Premature,LOW (Downgrade: Imprecision),TRUE,HighRisk,1.94591014905531,0,1.98343476170475,1,235.714285714286,0.0597070436145886
CD000219_pub5_data,5,CD000219_pub5_data,5::overall,6,1490,0.224,binary,46.3319445579473,-0.0509061863009239,0.04046626015771,-0.0509061863009239,0.04046626015771,-0.139250880821858,TRUE,4701.97217263427,0.316888306713485,Premature,LOW (Downgrade: Imprecision),TRUE,HighRisk,1.79175946922806,46.3319445579473,2.04895761021038,1,248.333333333333,0.158643309782744
CD000478_pub5_data,1,CD000478_pub5_data,1::overall,32,1318,0.546021840873635,binary,59.3473499966986,-0.15335452422074,6.87721888994807e-06,-0.0795908518936949,0.0425875313509868,-0.0344136532818748,TRUE,1623.16046502403,0.811996120162087,Premature,LOW (Downgrade: Imprecision),FALSE,Stable,3.46573590279973,59.3473499966986,4.49745352078855,1,41.1875,0.999563779079056
CD000547_pub3_data,10,CD000547_pub3_data,10::overall,43,5660,0.10410002907822,binary,82.3006790276372,0.596089381697997,0.022122179816156,0.307643855751686,0.324648455678913,-0.218825668176834,TRUE,34838.8957386706,0.162462095310257,Premature,LOW (Downgrade: Imprecision),FALSE,Stable,3.76120011569356,82.3006790276372,2.28826351585465,1,131.627906976744,0.878613675554268
CD000547_pub3_data,10,CD000547_pub3_data,10::overall,43,5660,0.10410002907822,binary,97.7634722056761,0.126861600868157,0.00512650093220983,-0.0103887328581987,0.852745757060291,0.0527494955855513,FALSE,123324.959600283,0.0458950079395528,Premature,LOW (Downgrade: Imprecision),FALSE,Stable,3.76120011569356,97.7634722056761,2.79897561154462,1,131.627906976744,0.986536784032515
CD000547_pub3_data,5,CD000547_pub3_data,5::overall,25,2049,0.235897435897436,binary,0,-0.430563744150343,0.0256847197122459,-0.430563744150343,0.0256847197122459,-0.645901388868346,FALSE,2363.97113456346,0.866761852563134,Premature,LOW (Downgrade: Imprecision),TRUE,HighRisk,3.2188758248682,0,2.23094579582422,1,81.96,0.111546453335954
CD000547_pub3_data,5,CD000547_pub3_data,5::overall,25,2049,0.235897435897436,binary,0,-0.0740795091030454,0.031380259565292,-0.0740795091030454,0.031380259565292,-0.0647498571282785,FALSE,2363.97113456346,0.866761852563134,Premature,LOW (Downgrade: Imprecision),TRUE,HighRisk,3.2188758248682,0,2.15221709851046,1,81.96,0.0843436093583662
CD000547_pub3_data,5,CD000547_pub3_data,5::overall,25,2049,0.235897435897436,binary,0,-0.430563744150343,0.0256847197122459,-0.430563744150343,0.0256847197122459,-0.645901388868346,FALSE,2363.97113456346,0.866761852563134,Premature,LOW (Downgrade: Imprecision),TRUE,HighRisk,3.2188758248682,0,2.23094579582422,1,81.96,0.111546453335954
CD000547_pub3_data,6,CD000547_pub3_data,6::overall,17,2425,0.114927344782034,binary,8.85450333532254,-0.749172512053013,0.000589951549369436,-0.538659212391939,0.0209229611440399,-0.265039181738934,FALSE,6061.80223030313,0.400046043712438,Premature,LOW (Downgrade: Imprecision),FALSE,Stable,2.83321334405622,8.85450333532254,3.43619253825549,1,142.647058823529,0.961376753236499
CD000547_pub3_data,6,CD000547_pub3_data,6::overall,17,2425,0.114927344782034,binary,6.57736619122198e-05,-0.588829992985563,0.000341917540376186,-0.474559625019927,0.00304713925879164,-0.219220406527759,FALSE,5525.06338367679,0.438908991915713,Premature,LOW (Downgrade: Imprecision),FALSE,Stable,2.83321334405622,6.57736619122198e-05,3.58127804444977,1,142.647058823529,0.973663481074
CD000547_pub3_data,6,CD000547_pub3_data,6::overall,17,2425,0.114927344782034,binary,20.7046706077876,-0.0213119244201645,0.0272536362824276,-0.0126831227987724,0.165950235221215,-0.00424700818044931,TRUE,6967.69884429397,0.348034559786679,Premature,LOW (Downgrade: Imprecision),FALSE,Stable,2.83321334405622,20.7046706077876,2.2078657030453,1,142.647058823529,0.200518390057361
CD000547_pub3_data,6,CD000547_pub3_data,6::overall,17,2425,0.114927344782034,binary,41.4098729722719,-0.893917155361918,0.00105942397440875,-0.661473043997429,0.0191072862230938,-0.457703218973321,FALSE,9430.01838351624,0.257157505041445,Premature,LOW (Downgrade: Imprecision),FALSE,Stable,2.83321334405622,41.4098729722719,3.2742511719441,1,142.647058823529,0.961631718173106
CD000547_pub3_data,6,CD000547_pub3_data,6::overall,17,2425,0.114927344782034,binary,8.85450333532254,-0.749172512053013,0.000589951549369436,-0.538659212391939,0.0209229611440399,-0.265039181738934,FALSE,6061.80223030313,0.400046043712438,Premature,LOW (Downgrade: Imprecision),FALSE,Stable,2.83321334405622,8.85450333532254,3.43619253825549,1,142.647058823529,0.961376753236499
CD000547_pub3_data,7,CD000547_pub3_data,7::overall,63,7171,0.106885508406725,binary,25.6545204724534,0.381512123627162,0.0126051165419657,0.381512123627162,0.0126051165419657,0.396746376692619,FALSE,8055.47536083495,0.890201965592845,Premature,LOW (Downgrade: Imprecision),FALSE,Stable,4.14313472639153,25.6545204724534,2.49473517794886,1,113.825396825397,0.896186020220679
CD000547_pub3_data,8,CD000547_pub3_data,8::overall,57,9204,0.110556526079361,binary,74.0327465458707,0.878604590001893,6.01656004482998e-08,0.842643632809615,3.97950990117145e-07,0.451991989042421,TRUE,22215.5975780069,0.414303507600076,Premature,LOW (Downgrade: Imprecision),FALSE,Stable,4.04305126783455,74.0327465458707,5.41830830673729,1,161.473684210526,0.999999785308549
CD000547_pub3_data,8,CD000547_pub3_data,8::overall,57,9204,0.110556526079361,binary,76.1658537509037,0.647192930650121,2.56707588212894e-07,0.591429296633609,3.36271715153628e-06,0.319053688678506,TRUE,24203.8479966497,0.38027011247443,Premature,LOW (Downgrade: Imprecision),FALSE,Stable,4.04305126783455,76.1658537509037,5.15274012845747,1,161.473684210526,0.999999414951423
CD000547_pub3_data,8,CD000547_pub3_data,8::overall,57,9204,0.110556526079361,binary,94.8468219923411,0.0952535871791063,2.61978716552894e-06,0.0290231563978395,0.270854396289597,0.0599293440564743,TRUE,111946.075234673,0.0822181570966701,Premature,LOW (Downgrade: Imprecision),FALSE,Stable,4.04305126783455,94.8468219923411,4.69857832683554,1,161.473684210526,0.999997586670566
CD000547_pub3_data,9,CD000547_pub3_data,9::overall,4,462,0.116379310344828,binary,72.871009147524,0.990884637404295,0.0293261150028727,1.04362117592603,0.0155070304575618,1.31960987787477,FALSE,20082.3831208683,0.0230052378355396,Premature,LOW (Downgrade: Imprecision),TRUE,HighRisk,1.38629436111989,72.871009147524,2.17907475902961,1,115.5,0.0146369364832538
CD001396_pub4_data,10,CD001396_pub4_data,10::overall,16,1753,0.0402298850574713,binary,0,0.994250136462323,7.14833330216055e-06,0.994250136462323,7.14833330216055e-06,1.28533352202686,FALSE,16971.9089092474,0.103288322449389,Premature,LOW (Downgrade: Imprecision),FALSE,Stable,2.77258872223978,0,4.48922330206064,1,109.5625,0.998307411455654
CD001396_pub4_data,10,CD001396_pub4_data,10::overall,16,1753,0.0402298850574713,binary,0,0.901597253670875,1.19213787674871e-05,0.901597253670875,1.19213787674871e-05,1.11778083531559,FALSE,16971.9089092474,0.103288322449389,Premature,LOW (Downgrade: Imprecision),FALSE,Stable,2.77258872223978,0,4.37902073940745,1,109.5625,0.997391297642515
CD001396_pub4_data,10,CD001396_pub4_data,10::overall,16,1753,0.0402298850574713,binary,19.5357273564552,0.0546085574515375,2.54721110640193e-05,0.0546085574515375,2.54721110640193e-05,0.0384409963698902,FALSE,21092.4778807516,0.08311019738462,Premature,LOW (Downgrade: Imprecision),FALSE,Stable,2.77258872223978,19.5357273564552,4.21057538209326,1,109.5625,0.996564225883104
CD001396_pub4_data,10,CD001396_pub4_data,10::overall,16,1753,0.0402298850574713,binary,0,0.901359708704368,7.52492158498652e-07,0.991729033957596,1.49939018971687e-08,1.67370510333586,FALSE,16971.9089092474,0.103288322449389,Premature,LOW (Downgrade: Imprecision),FALSE,Stable,2.77258872223978,0,4.94730191430002,1,109.5625,0.999720374561659
CD001396_pub4_data,10,CD001396_pub4_data,10::overall,16,1753,0.0402298850574713,binary,0,0.994250136462323,7.14833330216055e-06,0.994250136462323,7.14833330216055e-06,1.28533352202686,FALSE,16971.9089092474,0.103288322449389,Premature,LOW (Downgrade: Imprecision),FALSE,Stable,2.77258872223978,0,4.48922330206064,1,109.5625,0.998307411455654
CD001396_pub4_data,11,CD001396_pub4_data,11::overall,13,1704,0.048526863084922,binary,0,1.18664941685441,2.71120841618089e-08,1.18664941685441,2.71120841618089e-08,1.17745526907208,FALSE,13960.6658184235,0.122057215763397,Premature,LOW (Downgrade: Imprecision),FALSE,Stable,2.56494935746154,0,5.55913119907721,1,131.076923076923,0.999974176903276
CD001396_pub4_data,11,CD001396_pub4_data,11::overall,13,1704,0.048526863084922,binary,0,1.0421280160611,1.07969827120006e-07,1.0421280160611,1.07969827120006e-07,0.919578180627344,FALSE,13960.6658184235,0.122057215763397,Premature,LOW (Downgrade: Imprecision),FALSE,Stable,2.56494935746154,0,5.31277244978512,1,131.076923076923,0.9999319429247
CD001396_pub4_data,11,CD001396_pub4_data,11::overall,13,1704,0.048526863084922,binary,0,0.102801078308393,1.50747863808405e-14,0.105195075419237,2.49704214083297e-15,0.130045242353283,FALSE,13960.6658184235,0.122057215763397,Premature,LOW (Downgrade: Imprecision),FALSE,Stable,2.56494935746154,0,6.46695107473242,1,131.076923076923,0.999999273751999
CD001396_pub4_data,11,CD001396_pub4_data,11::overall,13,1704,0.048526863084922,binary,0,1.18664941685441,2.71120841618089e-08,1.18664941685441,2.71120841618089e-08,1.17745526907208,FALSE,13960.6658184235,0.122057215763397,Premature,LOW (Downgrade: Imprecision),FALSE,Stable,2.56494935746154,0,5.55913119907721,1,131.076923076923,0.999974176903276
CD001396_pub4_data,12,CD001396_pub4_data,12::overall,19,2681,0.0338983050847458,binary,0,0.721877632800247,0.000456609762856718,0.69104327917284,0.000703211705376443,0.228558189715599,FALSE,20261.5092891007,0.132319856420676,Premature,LOW (Downgrade: Imprecision),FALSE,Stable,2.94443897916644,0,3.50499855422682,1,141.105263157895,0.971381188212529
CD001396_pub4_data,12,CD001396_pub4_data,12::overall,19,2681,0.0338983050847458,binary,0,0.648412148619451,0.00065491702069179,0.545646840330548,0.00303048574459253,0.198417387098425,FALSE,20261.5092891007,0.132319856420676,Premature,LOW (Downgrade: Imprecision),FALSE,Stable,2.94443897916644,0,3.40778822302636,1,141.105263157895,0.958602311170826
CD001396_pub4_data,12,CD001396_pub4_data,12::overall,19,2681,0.0338983050847458,binary,0,0.0393723322396168,1.79420273443182e-07,0.045091456883977,3.45365147596643e-10,0.0458883740044185,FALSE,20261.5092891007,0.132319856420676,Premature,LOW (Downgrade: Imprecision),FALSE,Stable,2.94443897916644,0,5.21948610622135,1,141.105263157895,0.999965311272645
CD001396_pub4_data,12,CD001396_pub4_data,12::overall,19,2681,0.0338983050847458,binary,0,0.7474167729476,1.23582970926907e-05,0.815490545002648,9.26340567453849e-07,0.755060878616197,FALSE,20261.5092891007,0.132319856420676,Premature,LOW (Downgrade: Imprecision),FALSE,Stable,2.94443897916644,0,4.37116920881854,1,141.105263157895,0.999024879806407
CD001396_pub4_data,12,CD001396_pub4_data,12::overall,19,2681,0.0338983050847458,binary,0,0.721877632800247,0.000456609762856718,0.69104327917284,0.000703211705376443,0.228558189715599,FALSE,20261.5092891007,0.132319856420676,Premature,LOW (Downgrade: Imprecision),FALSE,Stable,2.94443897916644,0,3.50499855422682,1,141.105263157895,0.971381188212529
CD001396_pub4_data,13,CD001396_pub4_data,13::overall,10,1022,0.018716577540107,binary,0,0.872398756747809,0.0299120865338191,0.872398756747809,0.0299120865338191,0.688123064257278,FALSE,37215.6475782666,0.0274615670156129,Premature,LOW (Downgrade: Imprecision),TRUE,HighRisk,2.30258509299405,0,2.17125255597282,1,102.2,0.0193474017343592
CD001396_pub4_data,13,CD001396_pub4_data,13::overall,10,1022,0.018716577540107,binary,0,0.808691628755133,0.0335128666470062,0.808691628755133,0.0335128666470062,0.553068334546297,FALSE,37215.6475782666,0.0274615670156129,Premature,LOW (Downgrade: Imprecision),TRUE,HighRisk,2.30258509299405,0,2.12588463391521,1,102.2,0.0162364432505893
CD001396_pub4_data,13,CD001396_pub4_data,13::overall,10,1022,0.018716577540107,binary,16.1918665049438,0.0319142684415637,0.0127094092939731,0.0319142684415637,0.0127094092939731,0.0140671455173433,FALSE,44405.770688667,0.0230150267442792,Premature,LOW (Downgrade: Imprecision),TRUE,HighRisk,2.30258509299405,16.1918665049438,2.49180975264113,1,102.2,0.0875124408677378
CD001396_pub4_data,13,CD001396_pub4_data,13::overall,10,1022,0.018716577540107,binary,0,0.85470884804144,0.00552249275009094,0.85470884804144,0.00552249275009094,2.46776651026549,FALSE,37215.6475782666,0.0274615670156129,Premature,LOW (Downgrade: Imprecision),TRUE,HighRisk,2.30258509299405,0,2.77486322612824,1,102.2,0.174914139463689
CD001396_pub4_data,13,CD001396_pub4_data,13::overall,10,1022,0.018716577540107,binary,0,0.872398756747809,0.0299120865338191,0.872398756747809,0.0299120865338191,0.688123064257278,FALSE,37215.6475782666,0.0274615670156129,Premature,LOW (Downgrade: Imprecision),TRUE,HighRisk,2.30258509299405,0,2.17125255597282,1,102.2,0.0193474017343592
CD001396_pub4_data,14,CD001396_pub4_data,14::overall,26,3455,0.0738007380073801,binary,17.1653415192513,0.0227034981506424,0.024397345491545,0.0227034981506424,0.024397345491545,0.0318421114246615,FALSE,10817.3500701789,0.319394304296824,Premature,LOW (Downgrade: Imprecision),TRUE,HighRisk,3.25809653802148,17.1653415192513,2.25081360483271,1,132.884615384615,0.367609162450956
CD001396_pub4_data,14,CD001396_pub4_data,14::overall,26,3455,0.0738007380073801,binary,16.8683846551744,0.287702523280715,0.0410127663548564,0.287702523280715,0.0410127663548564,0.401072292959641,FALSE,10778.7090989776,0.320539312108138,Premature,LOW (Downgrade: Imprecision),TRUE,HighRisk,3.25809653802148,16.8683846551744,2.04340092128018,1,132.884615384615,0.203546289936239
CD001396_pub4_data,2,CD001396_pub4_data,2::overall,56,6999,0.227100681302044,binary,66.4271020498131,0.171588316217823,4.61327940304648e-27,0.147562768065481,2.1660912376598e-12,0.104075402893056,TRUE,7387.74956994095,0.947379162455279,Premature,LOW (Downgrade: Imprecision),FALSE,Stable,4.02535169073515,66.4271020498131,6.46695107473242,1,124.982142857143,0.999999991238012
CD001396_pub4_data,3,CD001396_pub4_data,3::overall,29,3722,0.0548245614035088,binary,0,0.68875811379792,1.37286948643139e-06,0.68875811379792,1.37286948643139e-06,0.270585512952327,FALSE,12283.4837656571,0.303008500764757,Premature,LOW (Downgrade: Imprecision),FALSE,Stable,3.36729582998647,0,4.82890345016098,1,128.344827586207,0.999918041591404
CD001396_pub4_data,3,CD001396_pub4_data,3::overall,29,3722,0.0548245614035088,binary,0,0.597675157540805,4.03798856736142e-06,0.559461127206882,1.26079595767741e-05,0.16726087298769,FALSE,12283.4837656571,0.303008500764757,Premature,LOW (Downgrade: Imprecision),FALSE,Stable,3.36729582998647,0,4.60941743274249,1,128.344827586207,0.999805679686885
CD001396_pub4_data,3,CD001396_pub4_data,3::overall,29,3722,0.0548245614035088,binary,5.08358637219861,0.0531704005419149,5.44043845338425e-11,0.0531704005419149,5.44043845338425e-11,0.0538405361587744,FALSE,12941.3694598963,0.287604801913276,Premature,LOW (Downgrade: Imprecision),FALSE,Stable,3.36729582998647,5.08358637219861,6.46695107473242,1,128.344827586207,0.999999882105612
CD001396_pub4_data,3,CD001396_pub4_data,3::overall,29,3722,0.0548245614035088,binary,0,0.710248646304597,3.49682241471505e-09,0.765805146211094,9.19311168991057e-11,1.01252233981281,FALSE,12283.4837656571,0.303008500764757,Premature,LOW (Downgrade: Imprecision),FALSE,Stable,3.36729582998647,0,5.90639158248713,1,128.344827586207,0.999998817420593
CD001396_pub4_data,3,CD001396_pub4_data,3::overall,29,3722,0.0548245614035088,binary,0,0.68875811379792,1.37286948643139e-06,0.68875811379792,1.37286948643139e-06,0.270585512952327,FALSE,12283.4837656571,0.303008500764757,Premature,LOW (Downgrade: Imprecision),FALSE,Stable,3.36729582998647,0,4.82890345016098,1,128.344827586207,0.999918041591404
CD001396_pub4_data,4,CD001396_pub4_data,4::overall,23,2781,0.0321608040201005,binary,0.000518840443825783,0.840377136664556,2.24055605651999e-05,0.840377136664556,2.24055605651999e-05,0.332331995563084,FALSE,21390.8399789,0.13000891983406,Premature,LOW (Downgrade: Imprecision),FALSE,Stable,3.13549421592915,0.000518840443825783,4.23946251128211,1,120.913043478261,0.998387407318537
CD001396_pub4_data,4,CD001396_pub4_data,4::overall,23,2781,0.0321608040201005,binary,0.000511555672439602,0.760275837840811,4.39888959858853e-05,0.760275837840811,4.39888959858853e-05,0.271192787648395,FALSE,21390.8384206182,0.130008929304961,Premature,LOW (Downgrade: Imprecision),FALSE,Stable,3.13549421592915,0.000511555672439602,4.08546360340433,1,120.913043478261,0.997048544765214
CD001396_pub4_data,4,CD001396_pub4_data,4::overall,23,2781,0.0321608040201005,binary,32.7786872334175,0.054339733780566,5.24766118421004e-07,0.054339733780566,5.24766118421004e-07,0.0390008681499224,FALSE,31821.3496794498,0.0873941560623359,Premature,LOW (Downgrade: Imprecision),FALSE,Stable,3.13549421592915,32.7786872334175,5.01702913674213,1,120.913043478261,0.999960351008648
CD001396_pub4_data,4,CD001396_pub4_data,4::overall,23,2781,0.0321608040201005,binary,0,0.870326195336132,7.68437084589046e-09,0.917232130135548,7.76529935435774e-10,1.25601665636502,FALSE,21390.7289945709,0.130009594376416,Premature,LOW (Downgrade: Imprecision),FALSE,Stable,3.13549421592915,0,5.7752394849084,1,120.913043478261,0.999996158666924
CD001396_pub4_data,4,CD001396_pub4_data,4::overall,23,2781,0.0321608040201005,binary,0.000518840443825783,0.840377136664556,2.24055605651999e-05,0.840377136664556,2.24055605651999e-05,0.332331995563084,FALSE,21390.8399789,0.13000891983406,Premature,LOW (Downgrade: Imprecision),FALSE,Stable,3.13549421592915,0.000518840443825783,4.23946251128211,1,120.913043478261,0.998387407318537
CD001396_pub4_data,5,CD001396_pub4_data,5::overall,14,1230,0.104508196721311,binary,0,0.417545881113574,0.0272545357561464,0.417545881113574,0.0272545357561464,-0.0639055499361865,FALSE,6139.66654455589,0.200336612920885,Premature,LOW (Downgrade: Imprecision),TRUE,HighRisk,2.63905732961526,0,2.20785280382135,1,87.8571428571429,0.034627236077029
CD001396_pub4_data,5,CD001396_pub4_data,5::overall,14,1230,0.104508196721311,binary,0,0.341400870186081,0.0337047664265737,0.341400870186081,0.0337047664265737,-0.0411067707693536,FALSE,6139.66654455589,0.200336612920885,Premature,LOW (Downgrade: Imprecision),TRUE,HighRisk,2.63905732961526,0,2.12358612922872,1,87.8571428571429,0.0251026243407731
CD001396_pub4_data,5,CD001396_pub4_data,5::overall,14,1230,0.104508196721311,binary,8.80553998584487,0.051309769053772,0.00669105838534976,0.051309769053772,0.00669105838534976,0.0157517580637671,FALSE,6732.4994781513,0.182695892363849,Premature,LOW (Downgrade: Imprecision),TRUE,HighRisk,2.63905732961526,8.80553998584487,2.71184147397473,1,87.8571428571429,0.236651322487303
CD001396_pub4_data,5,CD001396_pub4_data,5::overall,14,1230,0.104508196721311,binary,0,0.417545881113574,0.0272545357561464,0.417545881113574,0.0272545357561464,-0.0639055499361865,FALSE,6139.66654455589,0.200336612920885,Premature,LOW (Downgrade: Imprecision),TRUE,HighRisk,2.63905732961526,0,2.20785280382135,1,87.8571428571429,0.034627236077029
CD001396_pub4_data,6,CD001396_pub4_data,6::overall,21,2633,0.0409233997901364,binary,0,0.673085409578839,0.000333510768635759,0.673085409578839,0.000333510768635759,-0.00956530760938759,FALSE,16673.4444871055,0.157915780511714,Premature,LOW (Downgrade: Imprecision),FALSE,Stable,3.04452243772342,0,3.58777588270688,1,125.380952380952,0.977110410205325
CD001396_pub4_data,6,CD001396_pub4_data,6::overall,21,2633,0.0409233997901364,binary,0,0.61122448924587,0.000477551957912145,0.61122448924587,0.000477551957912145,-0.0322200761719018,FALSE,16673.4444871055,0.157915780511714,Premature,LOW (Downgrade: Imprecision),FALSE,Stable,3.04452243772342,0,3.4930416840518,1,125.380952380952,0.967113528658069
CD001396_pub4_data,6,CD001396_pub4_data,6::overall,21,2633,0.0409233997901364,binary,0,0.0383501598883202,1.85621703186216e-05,0.0323522611978122,0.000412948127267862,0.00158598966248331,FALSE,16673.4444871055,0.157915780511714,Premature,LOW (Downgrade: Imprecision),FALSE,Stable,3.04452243772342,0,4.28151920121348,1,125.380952380952,0.998473037684985
CD001396_pub4_data,6,CD001396_pub4_data,6::overall,21,2633,0.0409233997901364,binary,0,0.66035881416915,3.69757757765852e-05,0.66035881416915,3.69757757765852e-05,0.763972256588347,FALSE,16673.4444871055,0.157915780511714,Premature,LOW (Downgrade: Imprecision),FALSE,Stable,3.04452243772342,0,4.12560728706348,1,125.380952380952,0.997184018858061
CD001396_pub4_data,6,CD001396_pub4_data,6::overall,21,2633,0.0409233997901364,binary,0,0.673085409578839,0.000333510768635759,0.673085409578839,0.000333510768635759,-0.00956530760938759,FALSE,16673.4444871055,0.157915780511714,Premature,LOW (Downgrade: Imprecision),FALSE,Stable,3.04452243772342,0,3.58777588270688,1,125.380952380952,0.977110410205325
CD001396_pub4_data,7,CD001396_pub4_data,7::overall,8,1352,0.00663716814159292,binary,0,1.6825667888851,0.000226216838259125,1.6825667888851,0.000226216838259125,2.50322382132734,FALSE,106111.988600425,0.012741255892311,Premature,LOW (Downgrade: Imprecision),FALSE,Stable,2.07944154167984,0,3.68778254985512,1,169,0.947637025427339
CD001396_pub4_data,7,CD001396_pub4_data,7::overall,8,1352,0.00663716814159292,binary,0,1.60974450076973,0.000322649320160106,1.60974450076973,0.000322649320160106,2.21422580331313,FALSE,106111.988600425,0.012741255892311,Premature,LOW (Downgrade: Imprecision),FALSE,Stable,2.07944154167984,0,3.59640178831295,1,169,0.926647764604972
CD001396_pub4_data,7,CD001396_pub4_data,7::overall,8,1352,0.00663716814159292,binary,63.9507248077662,0.0491700567036885,0.000927925684569839,0.0491700567036885,0.000927925684569839,-0.0196928326227528,TRUE,294352.627159852,0.00459313039956589,Premature,LOW (Downgrade: Imprecision),FALSE,Stable,2.07944154167984,63.9507248077662,3.31151408547317,1,169,0.935867967585728
CD001396_pub4_data,7,CD001396_pub4_data,7::overall,8,1352,0.00663716814159292,binary,0,1.22907485731803,3.93205462694353e-06,1.25726088846892,1.63980786801572e-06,2.02071253351634,FALSE,106111.988600425,0.012741255892311,Premature,LOW (Downgrade: Imprecision),FALSE,Stable,2.07944154167984,0,4.61494181343469,1,169,0.998561919189166
CD001396_pub4_data,7,CD001396_pub4_data,7::overall,8,1352,0.00663716814159292,binary,0,1.6825667888851,0.000226216838259125,1.6825667888851,0.000226216838259125,2.50322382132734,FALSE,106111.988600425,0.012741255892311,Premature,LOW (Downgrade: Imprecision),FALSE,Stable,2.07944154167984,0,3.68778254985512,1,169,0.947637025427339
CD001396_pub4_data,8,CD001396_pub4_data,8::overall,14,2050,0.0294117647058824,binary,0,1.18179630046317,1.88478139693713e-06,1.18179630046317,1.88478139693713e-06,0.287654973539511,TRUE,23449.8954002473,0.087420432586594,Premature,LOW (Downgrade: Imprecision),,,2.63905732961526,0,4.76540130392809,1,146.428571428571,0.999635114747748
CD001396_pub4_data,8,CD001396_pub4_data,8::overall,14,2050,0.0294117647058824,binary,0,1.07700908434266,4.91046462847181e-06,1.07700908434266,4.91046462847181e-06,0.271966111784289,TRUE,23449.8954002473,0.087420432586594,Premature,LOW (Downgrade: Imprecision),,,2.63905732961526,0,4.56857708895941,1,146.428571428571,0.999208904708396
CD001396_pub4_data,8,CD001396_pub4_data,8::overall,14,2050,0.0294117647058824,binary,38.0736043201017,0.0697421139469574,1.96167884349682e-08,0.0697421139469574,1.96167884349682e-08,0.0266490811066886,TRUE,37867.3668034248,0.054136322988653,Premature,LOW (Downgrade: Imprecision),,,2.63905732961526,38.0736043201017,5.61534725165456,1,146.428571428571,0.999993929933527
CD001396_pub4_data,8,CD001396_pub4_data,8::overall,14,2050,0.0294117647058824,binary,0,1.02194662481153,3.37041756643459e-09,1.02194662481153,3.37041756643459e-09,0.314906670016008,FALSE,23449.8954002473,0.087420432586594,Premature,LOW (Downgrade: Imprecision),,,2.63905732961526,0,5.91245704944388,1,146.428571428571,0.9999959944299
CD001396_pub4_data,8,CD001396_pub4_data,8::overall,14,2050,0.0294117647058824,binary,0,1.18179630046317,1.88478139693713e-06,1.18179630046317,1.88478139693713e-06,0.287654973539511,TRUE,23449.8954002473,0.087420432586594,Premature,LOW (Downgrade: Imprecision),,,2.63905732961526,0,4.76540130392809,1,146.428571428571,0.999635114747748
CD001396_pub4_data,9,CD001396_pub4_data,9::overall,16,2304,0.0311750599520384,binary,0,0.776206369294381,0.00117714786703622,0.673467595205024,0.00385093492645456,-0.339562746537153,TRUE,22087.3368439491,0.104313164428929,Premature,LOW (Downgrade: Imprecision),,,2.77258872223978,0,3.24436019592927,1,144,0.898267551922252
CD001396_pub4_data,9,CD001396_pub4_data,9::overall,16,2304,0.0311750599520384,binary,0,0.715815910646651,0.00172547373814212,0.622468724848241,0.00521906991512063,-0.281826646804213,TRUE,22087.3368439491,0.104313164428929,Premature,LOW (Downgrade: Imprecision),,,2.77258872223978,0,3.13381879526386,1,144,0.851102799311248
CD001396_pub4_data,9,CD001396_pub4_data,9::overall,16,2304,0.0311750599520384,binary,39.442931719765,0.0480515931854723,2.71696839797923e-05,0.0467623557901604,3.5733676385351e-05,0.0245038183958774,FALSE,36473.5900716615,0.0631689942085004,Premature,LOW (Downgrade: Imprecision),,,2.77258872223978,39.442931719765,4.19597781737276,1,144,0.998772726126438
CD001396_pub4_data,9,CD001396_pub4_data,9::overall,16,2304,0.0311750599520384,binary,9.55788409283773,0.816545387724398,1.82869040192926e-05,0.816545387724398,1.82869040192926e-05,0.456949659158437,FALSE,24421.5171465266,0.0943430330792408,Premature,LOW (Downgrade: Imprecision),,,2.77258872223978,9.55788409283773,4.28484207495758,1,144,0.998437949051967
CD001396_pub4_data,9,CD001396_pub4_data,9::overall,16,2304,0.0311750599520384,binary,0,0.776206369294381,0.00117714786703622,0.673467595205024,0.00385093492645456,-0.339562746537153,TRUE,22087.3368439491,0.104313164428929,Premature,LOW (Downgrade: Imprecision),,,2.77258872223978,0,3.24436019592927,1,144,0.898267551922252
CD001431_pub6_data,3,CD001431_pub6_data,3::overall,353,86492,0.0861987974445697,binary,99.2247552916703,0.0151336940858226,0.00190169372963074,0.0151336940858226,0.00190169372963074,0.0110770710550859,TRUE,151593.637029332,0.570551651737628,Premature,LOW (Downgrade: Imprecision),FALSE,Stable,5.8664680569333,99.2247552916703,3.1051704951123,1,245.019830028329,0.999996154320996
CD001431_pub6_data,4,CD001431_pub6_data,4::overall,136,32323,0.278220538280638,binary,98.8309560233719,0.0327925439969465,0.000525814040669086,0.00696674647081891,0.578068880403943,0.0193279723275632,TRUE,38144.6778448437,0.847379027068369,Premature,LOW (Downgrade: Imprecision),FALSE,Stable,4.91265488573605,98.8309560233719,3.46724926564047,1,237.669117647059,0.999991098803976
CD001533_pub7_data,1,CD001533_pub7_data,1::overall,43,3535,0.459550561797753,binary,77.7521523588946,-0.0987987390028514,0.000226146426574525,-0.0855296645902052,0.00363228540338423,-0.0528275283978994,FALSE,4060.33270657022,0.870618310238432,Premature,LOW (Downgrade: Imprecision),FALSE,Stable,3.76120011569356,77.7521523588946,3.68786178432768,1,82.2093023255814,0.998336703078337
CD001533_pub7_data,2,CD001533_pub7_data,2::overall,47,3884,0.509580528223718,binary,84.8067483184629,-0.0903432845886547,9.12834912616237e-05,-0.0769147044653553,0.00209349053744009,-0.0368410369557933,TRUE,4951.79322988982,0.784362314758127,Premature,LOW (Downgrade: Imprecision),FALSE,Stable,3.85014760171006,84.8067483184629,3.91266403443686,1,82.6382978723404,0.999512791105971
CD001533_pub7_data,3,CD001533_pub7_data,3::overall,30,2794,0.292285916489738,binary,38.9292893771777,-0.292176775972899,0.0446808088161155,-0.346578813705391,0.022339374221873,-0.289174835855665,FALSE,2922.42045615801,0.956056817256598,Premature,LOW (Downgrade: Imprecision),TRUE,HighRisk,3.40119738166216,38.9292893771777,2.00764707093649,1,93.1333333333333,0.174362327555583
CD001533_pub7_data,3,CD001533_pub7_data,3::overall,30,2794,0.292285916489738,binary,38.9292893771777,-0.292176775972899,0.0446808088161155,-0.346578813705391,0.022339374221873,-0.289174835855665,FALSE,2922.42045615801,0.956056817256598,Premature,LOW (Downgrade: Imprecision),TRUE,HighRisk,3.40119738166216,38.9292893771777,2.00764707093649,1,93.1333333333333,0.174362327555583
CD001533_pub7_data,4,CD001533_pub7_data,4::overall,27,2483,0.606209150326797,binary,83.6329483431466,-0.130511430725433,8.56079682977876e-05,-0.0030912949238535,0.940048990417403,-0.0374760599974562,TRUE,3248.30439083317,0.764398806653439,Premature,LOW (Downgrade: Imprecision),FALSE,Stable,3.29583686600433,83.6329483431466,3.92813271283142,1,91.962962962963,0.998678329070464
CD001552_pub3_data,10,CD001552_pub3_data,10::overall,6,659,0.145833333333333,binary,66.4833252102151,-1.4018393543302,0.0213389857577468,-1.72819040670169,0.00684028056789876,-2.77156903903978,TRUE,12586.6091409919,0.052357230817137,Premature,LOW (Downgrade: Imprecision),TRUE,HighRisk,1.79175946922806,66.4833252102151,2.30193238133673,1,109.833333333333,0.0443157048158479
CD001552_pub3_data,2,CD001552_pub3_data,2::overall,13,918,0.305263157894737,binary,55.0304332968964,1.02928526887944,0.0243824994377681,0.558734627254519,0.279145238758068,0.837286362100483,FALSE,3739.74401779401,0.245471346603426,Premature,LOW (Downgrade: Imprecision),TRUE,HighRisk,2.56494935746154,55.0304332968964,2.25104796758454,1,70.6153846153846,0.0703488141432002
CD001552_pub3_data,2,CD001552_pub3_data,2::overall,13,918,0.305263157894737,binary,72.5466827617259,0.342741831971655,0.0361415350024486,0.178255885422694,0.347342628854438,0.276572942319634,FALSE,6125.84142750732,0.149856964282137,Premature,LOW (Downgrade: Imprecision),TRUE,HighRisk,2.56494935746154,72.5466827617259,2.09533149041097,1,70.6153846153846,0.0548140992734145
CD001552_pub3_data,2,CD001552_pub3_data,2::overall,13,918,0.305263157894737,binary,97.6547022563522,0.135461339564078,0.0415444386235011,0.0606167836565851,0.467337011982074,-0.00936805460695829,TRUE,33634.933612144,0.0272930522350891,Premature,LOW (Downgrade: Imprecision),TRUE,HighRisk,2.56494935746154,97.6547022563522,2.03805494161753,1,70.6153846153846,0.0706910044423442
CD001552_pub3_data,2,CD001552_pub3_data,2::overall,13,918,0.305263157894737,binary,55.0304332968964,1.02928526887944,0.0243824994377681,0.558734627254519,0.279145238758068,0.837286362100483,FALSE,3739.74401779401,0.245471346603426,Premature,LOW (Downgrade: Imprecision),TRUE,HighRisk,2.56494935746154,55.0304332968964,2.25104796758454,1,70.6153846153846,0.0703488141432002
CD001552_pub3_data,8,CD001552_pub3_data,8::overall,4,453,0.19327731092437,binary,0,0.667330022176765,0.0253472567266162,0.667330022176765,0.0253472567266162,0.57023613077546,FALSE,3026.14296552254,0.14969550518965,Premature,LOW (Downgrade: Imprecision),TRUE,HighRisk,1.38629436111989,0,2.23606892339687,1,113.25,0.00418505258039183
CD001552_pub3_data,8,CD001552_pub3_data,8::overall,4,453,0.19327731092437,binary,0,0.267466477775918,0.0344993616744574,0.267466477775918,0.0344993616744574,0.204733717071899,FALSE,3026.14296552254,0.14969550518965,Premature,LOW (Downgrade: Imprecision),TRUE,HighRisk,1.38629436111989,0,2.11418626312103,1,113.25,0.00259517959242374
CD001703_pub4_data,25,CD001703_pub4_data,25::overall,18,2143,0.526958290946083,binary,70.986847694316,0.103380038602024,0.00265245977847284,0.0603580429692712,0.151379299740895,0.0400632253632726,FALSE,2435.55437346969,0.87988181390797,Premature,LOW (Downgrade: Imprecision),FALSE,Stable,2.89037175789616,70.986847694316,3.00538373700086,1,119.055555555556,0.916728420998242
CD001703_pub4_data,27,CD001703_pub4_data,27::overall,22,2502,0.0515734265734266,binary,0,0.925333259721991,8.31386706613249e-09,0.846294429166274,7.17400946305101e-08,0.592438389984323,FALSE,13098.1679623064,0.191019080469895,Premature,LOW (Downgrade: Imprecision),FALSE,Stable,3.09104245335832,0,5.76196818716168,1,113.727272727273,0.999994837994907
CD001703_pub4_data,27,CD001703_pub4_data,27::overall,22,2502,0.0515734265734266,binary,0,0.819457289705752,2.50724595287424e-08,0.771545488810584,9.94501340413934e-08,0.527925959235978,FALSE,13098.1679623064,0.191019080469895,Premature,LOW (Downgrade: Imprecision),FALSE,Stable,3.09104245335832,0,5.57276714586319,1,113.727272727273,0.999989134490537
CD001703_pub4_data,27,CD001703_pub4_data,27::overall,22,2502,0.0515734265734266,binary,42.1932463508447,0.0734839008341414,1.80780532445319e-06,0.0510720130253589,0.00626308113110011,0.0391228758386372,TRUE,22658.5427055853,0.110421929270114,Premature,LOW (Downgrade: Imprecision),FALSE,Stable,3.09104245335832,42.1932463508447,4.77380154452807,1,113.727272727273,0.999890723259403
CD001703_pub4_data,27,CD001703_pub4_data,27::overall,22,2502,0.0515734265734266,binary,0,0.925333259721991,8.31386706613249e-09,0.846294429166274,7.17400946305101e-08,0.592438389984323,FALSE,13098.1679623064,0.191019080469895,Premature,LOW (Downgrade: Imprecision),FALSE,Stable,3.09104245335832,0,5.76196818716168,1,113.727272727273,0.999994837994907
CD001797_pub4_data,1,CD001797_pub4_data,1::overall,8,375,0.229050279329609,binary,32.3448488879597,1.10998457133928,0.00117160947801047,1.53775463022094,5.13986694601387e-05,1.81801890078069,FALSE,3626.82395066831,0.103396251127905,Premature,LOW (Downgrade: Imprecision),FALSE,Stable,2.07944154167984,32.3448488879597,3.24570312656524,1,46.875,0.338645511443554
CD001797_pub4_data,1,CD001797_pub4_data,1::overall,8,375,0.229050279329609,binary,40.522745756362,0.61065914476761,0.00968977350010704,0.585303267526248,0.0110401458430673,0.470767130271455,FALSE,4125.49848777658,0.0908981062800255,Premature,LOW (Downgrade: Imprecision),FALSE,Stable,2.07944154167984,40.522745756362,2.5867077609021,1,46.875,0.0431105495800211
CD001797_pub4_data,1,CD001797_pub4_data,1::overall,8,375,0.229050279329609,binary,66.4536045102883,0.183643506603003,0.00763900650004148,0.183643506603003,0.00763900650004148,0.223250697792853,FALSE,7314.4467194541,0.0512684027081118,Premature,LOW (Downgrade: Imprecision),FALSE,Stable,2.07944154167984,66.4536045102883,2.66762237034576,1,46.875,0.0937468354288809
CD001797_pub4_data,1,CD001797_pub4_data,1::overall,8,375,0.229050279329609,binary,32.3448488879597,1.10998457133928,0.00117160947801047,1.53775463022094,5.13986694601387e-05,1.81801890078069,FALSE,3626.82395066831,0.103396251127905,Premature,LOW (Downgrade: Imprecision),FALSE,Stable,2.07944154167984,32.3448488879597,3.24570312656524,1,46.875,0.338645511443554
CD001797_pub4_data,10,CD001797_pub4_data,10::overall,3,308,0.177304964539007,binary,20.0598564008781,1.49683600746359,5.32299688870128e-05,1.74937535773717,1.89476047928046e-06,1.98702927081893,FALSE,4198.55061255352,0.0733586488344551,Premature,LOW (Downgrade: Imprecision),TRUE,HighRisk,1.09861228866811,20.0598564008781,4.04097264069851,1,102.666666666667,0.76414085745626
CD001797_pub4_data,10,CD001797_pub4_data,10::overall,3,308,0.177304964539007,binary,57.431558407778,0.831631323937986,0.0167258699247227,0.831631323937986,0.0167258699247227,0.833067545881381,FALSE,7884.54372116445,0.0390637696856493,Premature,LOW (Downgrade: Imprecision),TRUE,HighRisk,1.09861228866811,57.431558407778,2.39267894051026,1,102.666666666667,0.0102588409473983
CD001797_pub4_data,10,CD001797_pub4_data,10::overall,3,308,0.177304964539007,binary,20.0598564008781,1.49683600746359,5.32299688870128e-05,1.74937535773717,1.89476047928046e-06,1.98702927081893,FALSE,4198.55061255352,0.0733586488344551,Premature,LOW (Downgrade: Imprecision),TRUE,HighRisk,1.09861228866811,20.0598564008781,4.04097264069851,1,102.666666666667,0.76414085745626
CD001837_pub4_data,3,CD001837_pub4_data,3::overall,7,1232,0.245954692556634,binary,5.53151960543551,0.329616944722024,0.0149978274841309,0.329616944722024,0.0149978274841309,0.880960078732123,FALSE,2372.42254755713,0.519300409308865,Premature,LOW (Downgrade: Imprecision),TRUE,HighRisk,1.94591014905531,5.53151960543551,2.43243151459761,1,176,0.110389034003186
CD001837_pub4_data,3,CD001837_pub4_data,3::overall,7,1232,0.245954692556634,binary,16.5938460652543,0.217623546772357,0.0383442831209656,0.217623546772357,0.0383442831209656,0.404604258481006,FALSE,2687.08173616143,0.458489960845012,Premature,LOW (Downgrade: Imprecision),TRUE,HighRisk,1.94591014905531,16.5938460652543,2.07115532396285,1,176,0.0359454643599337
CD001837_pub4_data,3,CD001837_pub4_data,3::overall,7,1232,0.245954692556634,binary,0,0.0691947679642384,0.00562548642870015,0.100501936198902,0.000174339713562836,0.144762788144533,FALSE,2241.19152921524,0.549707592564117,Premature,LOW (Downgrade: Imprecision),TRUE,HighRisk,1.94591014905531,0,2.76884805107135,1,176,0.294672516973166
CD001909_pub4_data,1,CD001909_pub4_data,1::overall,51,6048,0.131153563556209,binary,35.8016227410713,0.707228811221199,1.51515537181335e-10,0.707228811221199,1.51515537181335e-10,0.502753718701889,FALSE,7418.21275193156,0.815290717892288,Premature,LOW (Downgrade: Imprecision),FALSE,Stable,3.93182563272433,35.8016227410713,6.40384143944955,1,118.588235294118,0.999999971205734
CD001909_pub4_data,1,CD001909_pub4_data,1::overall,51,6048,0.131153563556209,binary,41.8843836318105,0.543886746530983,6.67245717167228e-09,0.480695068087462,1.22697479009136e-07,0.46865940749572,TRUE,8194.65146542219,0.738042371358915,Premature,LOW (Downgrade: Imprecision),FALSE,Stable,3.93182563272433,41.8843836318105,5.79896721976489,1,118.588235294118,0.999999724303554
CD001909_pub4_data,1,CD001909_pub4_data,1::overall,51,6048,0.131153563556209,binary,47.240266145399,0.0783687614131941,2.19014159391667e-10,0.0783687614131941,2.19014159391667e-10,0.0356272462885462,FALSE,9026.52811229006,0.670025055565423,Premature,LOW (Downgrade: Imprecision),FALSE,Stable,3.93182563272433,47.240266145399,6.34737898057977,1,118.588235294118,0.999999971324701
CD001909_pub4_data,2,CD001909_pub4_data,2::overall,25,3090,0.188226744186047,binary,50.5042011169059,0.388873099401256,0.0206214211256502,0.30631301862244,0.0638185975960083,0.0153981360057199,FALSE,6312.6372515064,0.489494307511908,Premature,LOW (Downgrade: Imprecision),TRUE,HighRisk,3.2188758248682,50.5042011169059,2.31484491053201,1,123.6,0.523657956635556
CD001909_pub4_data,2,CD001909_pub4_data,2::overall,25,3090,0.188226744186047,binary,50.7131295065555,0.28262673690283,0.0266897023540604,0.115113720255029,0.416589507189167,0.196365801838252,FALSE,6339.39669316287,0.487428086545303,Premature,LOW (Downgrade: Imprecision),TRUE,HighRisk,3.2188758248682,50.7131295065555,2.21602628026043,1,123.6,0.428029546917711
CD001909_pub4_data,2,CD001909_pub4_data,2::overall,25,3090,0.188226744186047,binary,61.7536932196337,0.0458600352500216,0.0258615644508623,0.0458600352500216,0.0258615644508623,0.00248860782705343,FALSE,8169.39072357397,0.378241181571026,Premature,LOW (Downgrade: Imprecision),TRUE,HighRisk,3.2188758248682,61.7536932196337,2.22828427242213,1,123.6,0.494175751842642
CD001909_pub4_data,2,CD001909_pub4_data,2::overall,25,3090,0.188226744186047,binary,50.5042011169059,0.388873099401256,0.0206214211256502,0.30631301862244,0.0638185975960083,0.0153981360057199,FALSE,6312.6372515064,0.489494307511908,Premature,LOW (Downgrade: Imprecision),TRUE,HighRisk,3.2188758248682,50.5042011169059,2.31484491053201,1,123.6,0.523657956635556
CD001909_pub4_data,3,CD001909_pub4_data,3::overall,24,2874,0.134305448963929,binary,70.3139121314737,0.709032897005788,0.00257941895616787,0.709032897005788,0.00257941895616787,0.791226520677888,FALSE,15615.3951794204,0.184049136571815,Premature,LOW (Downgrade: Imprecision),FALSE,Stable,3.17805383034795,70.3139121314737,3.01386577713305,1,119.75,0.955569893706675
CD001909_pub4_data,3,CD001909_pub4_data,3::overall,24,2874,0.134305448963929,binary,66.513614760728,0.511778155440661,0.00404160081018081,0.511778155440661,0.00404160081018081,0.476744570731047,FALSE,13843.2377841244,0.207610390344948,Premature,LOW (Downgrade: Imprecision),FALSE,Stable,3.17805383034795,66.513614760728,2.87489640450664,1,119.75,0.920308683125339
CD001909_pub4_data,3,CD001909_pub4_data,3::overall,24,2874,0.134305448963929,binary,87.0298596046637,0.110633828527647,0.00236601383509263,0.110633828527647,0.00236601383509263,0.104145817090631,FALSE,35740.5532452616,0.0804128570780036,Premature,LOW (Downgrade: Imprecision),FALSE,Stable,3.17805383034795,87.0298596046637,3.03997042199038,1,119.75,0.970736485505073
CD001909_pub4_data,3,CD001909_pub4_data,3::overall,24,2874,0.134305448963929,binary,70.3139121314737,0.709032897005788,0.00257941895616787,0.709032897005788,0.00257941895616787,0.791226520677888,FALSE,15615.3951794204,0.184049136571815,Premature,LOW (Downgrade: Imprecision),FALSE,Stable,3.17805383034795,70.3139121314737,3.01386577713305,1,119.75,0.955569893706675
CD001909_pub4_data,4,CD001909_pub4_data,4::overall,12,1486,0.0829187396351576,binary,0,0.668293218409673,0.000219056982431392,0.668293218409673,0.000219056982431392,0.47771751272022,FALSE,7904.82573952717,0.187986433726101,Premature,LOW (Downgrade: Imprecision),FALSE,Stable,2.484906649788,0,3.69596055709671,1,123.833333333333,0.948427664695015
CD001909_pub4_data,4,CD001909_pub4_data,4::overall,12,1486,0.0829187396351576,binary,0,0.547040885265827,0.000428913009820059,0.547040885265827,0.000428913009820059,0.340002879466251,FALSE,7904.82573952717,0.187986433726101,Premature,LOW (Downgrade: Imprecision),FALSE,Stable,2.484906649788,0,3.52162338864699,1,123.833333333333,0.902561650110772
CD001909_pub4_data,4,CD001909_pub4_data,4::overall,12,1486,0.0829187396351576,binary,0,0.0655619314813287,1.93723672424132e-05,0.0655619314813287,1.93723672424132e-05,0.0611991416369735,FALSE,7904.82573952717,0.187986433726101,Premature,LOW (Downgrade: Imprecision),FALSE,Stable,2.484906649788,0,4.27200449279362,1,123.833333333333,0.994391494672347
CD001909_pub4_data,4,CD001909_pub4_data,4::overall,12,1486,0.0829187396351576,binary,0,0.668293218409673,0.000219056982431392,0.668293218409673,0.000219056982431392,0.47771751272022,FALSE,7904.82573952717,0.187986433726101,Premature,LOW (Downgrade: Imprecision),FALSE,Stable,2.484906649788,0,3.69596055709671,1,123.833333333333,0.948427664695015
CD001909_pub4_data,5,CD001909_pub4_data,5::overall,13,1768,0.0967741935483871,binary,0.00032637549514564,0.372785959428529,0.0256852953562075,0.372785959428529,0.0256852953562075,0.580081954038973,FALSE,6681.48578667687,0.264611802890528,Premature,LOW (Downgrade: Imprecision),TRUE,HighRisk,2.56494935746154,0.00032637549514564,2.23093710667266,1,136,0.0810072877470923
CD001909_pub4_data,5,CD001909_pub4_data,5::overall,13,1768,0.0967741935483871,binary,0,0.317429324876454,0.0299369328461824,0.317429324876454,0.0299369328461824,0.45224633621093,FALSE,6681.46397994455,0.264612666521428,Premature,LOW (Downgrade: Imprecision),TRUE,HighRisk,2.56494935746154,0,2.1709238010292,1,136,0.0650811792577667
CD001909_pub4_data,5,CD001909_pub4_data,5::overall,13,1768,0.0967741935483871,binary,10.18728108582,0.0321331515227439,0.0378508226524869,0.0321331515227439,0.0378508226524869,0.0514866881224047,FALSE,7439.32937419362,0.237655830394207,Premature,LOW (Downgrade: Imprecision),TRUE,HighRisk,2.56494935746154,10.18728108582,2.07646654009758,1,136,0.0554672069346412
CD001909_pub4_data,5,CD001909_pub4_data,5::overall,13,1768,0.0967741935483871,binary,0.00032637549514564,0.372785959428529,0.0256852953562075,0.372785959428529,0.0256852953562075,0.580081954038973,FALSE,6681.48578667687,0.264611802890528,Premature,LOW (Downgrade: Imprecision),TRUE,HighRisk,2.56494935746154,0.00032637549514564,2.23093710667266,1,136,0.0810072877470923
CD001909_pub4_data,6,CD001909_pub4_data,6::overall,3,944,0.0613496932515337,binary,0,1.61883758232658,1.23315359854602e-10,1.54911480853346,8.78212983328946e-11,0.795959650941854,FALSE,10908.9471764206,0.0865344734678366,Premature,LOW (Downgrade: Imprecision),FALSE,Stable,1.09861228866811,0,6.43519445160931,1,314.666666666667,0.999999484214404
CD001909_pub4_data,6,CD001909_pub4_data,6::overall,3,944,0.0613496932515337,binary,0,1.31199976431676,3.43658404553874e-09,1.31199976431676,3.43658404553874e-09,0.515336559403668,FALSE,10908.9471764206,0.0865344734678366,Premature,LOW (Downgrade: Imprecision),FALSE,Stable,1.09861228866811,0,5.9092549820582,1,314.666666666667,0.999995916888662
CD001909_pub4_data,6,CD001909_pub4_data,6::overall,3,944,0.0613496932515337,binary,82.9096275269548,0.193856287990669,0.000345341184622232,0.193856287990669,0.000345341184622232,0.0252165471721359,TRUE,63830.9503998588,0.0147890638332418,Premature,LOW (Downgrade: Imprecision),FALSE,Stable,1.09861228866811,82.9096275269548,3.57867455292371,1,314.666666666667,0.992464620416908
CD002042_pub6_data,2,CD002042_pub6_data,2::5,6,2443,0.920792079207921,binary,95.5627098977746,-0.424416775332754,1.8389449828353e-07,-0.424416775332754,1.8389449828353e-07,-0.524352292985034,FALSE,2915.08599643579,0.838054178500052,Premature,LOW (Downgrade: Imprecision),FALSE,Stable,1.79175946922806,95.5627098977746,5.21492210148478,1,407.166666666667,0.999999683709309
CD002042_pub6_data,2,CD002042_pub6_data,2::6,5,1954,0.659635666347076,binary,95.4178443055573,-2.04040979570008,0.0029829613907199,-1.64621773765073,0.0566966242955915,-1.1301878976168,TRUE,8753.96624505599,0.223213106527977,Premature,LOW (Downgrade: Imprecision),FALSE,Stable,1.6094379124341,95.4178443055573,2.96948833339715,1,390.8,0.995492188637522
CD002042_pub6_data,2,CD002042_pub6_data,2::6,5,1954,0.659635666347076,binary,86.3171910734921,-0.689950057839636,8.46803670995938e-05,-0.689950057839636,8.46803670995938e-05,-0.438023146331588,TRUE,3198.89223480159,0.610836457302913,Premature,LOW (Downgrade: Imprecision),FALSE,Stable,1.6094379124341,86.3171910734921,3.93075261871217,1,390.8,0.9998764591902
CD002042_pub6_data,2,CD002042_pub6_data,2::6,5,1954,0.659635666347076,binary,95.4041368853515,-0.429963698566641,0.000170071242218106,-0.429963698566641,0.000170071242218106,-0.250437360647082,FALSE,8753.96624505599,0.223213106527977,Premature,LOW (Downgrade: Imprecision),FALSE,Stable,1.6094379124341,95.4041368853515,3.75976764472693,1,390.8,0.999797776447015
CD002042_pub6_data,5,CD002042_pub6_data,5::overall,21,9343,,continuous,89.0774952776073,-0.494511693818114,2.36532515264871e-10,-0.47391077196385,2.16663904602832e-09,-0.342730182782427,TRUE,59009.3168425363,0.158330929756929,Premature,LOW (Downgrade: Imprecision),FALSE,Stable,3.04452243772342,89.0774952776073,6.33552622847773,0,444.904761904762,0.999999936107796
CD002042_pub6_data,8,CD002042_pub6_data,8::6,4,1574,0.0741176470588235,binary,0,-0.487269183852896,0.0265261547930997,-0.461782474692755,0.0337774072098345,-0.157078849204744,FALSE,8919.46592035171,0.176467965016669,Premature,LOW (Downgrade: Imprecision),FALSE,Stable,1.38629436111989,0,2.21842079137561,1,393.5,0.529235883256917
CD002042_pub6_data,8,CD002042_pub6_data,8::6,4,1574,0.0741176470588235,binary,0,-0.455803284413679,0.0276683271832482,-0.432677531078975,0.0349076508423813,-0.151206880546623,FALSE,8919.46592035171,0.176467965016669,Premature,LOW (Downgrade: Imprecision),FALSE,Stable,1.38629436111989,0,2.20195726674976,1,393.5,0.513075342762617
CD002042_pub6_data,8,CD002042_pub6_data,8::6,4,1574,0.0741176470588235,binary,0,-0.028663833835181,0.0180951927594511,-0.0267813326198006,0.0246969301308237,-0.00676112706541371,FALSE,8919.46592035171,0.176467965016669,Premature,LOW (Downgrade: Imprecision),FALSE,Stable,1.38629436111989,0,2.36366446896711,1,393.5,0.66561822025425
CD002042_pub6_data,8,CD002042_pub6_data,8::6,4,1574,0.0741176470588235,binary,0,-0.491866345213486,0.0191567697460407,-0.45981932871524,0.0261276090793973,-0.13928271756862,FALSE,8919.46592035171,0.176467965016669,Premature,LOW (Downgrade: Imprecision),FALSE,Stable,1.38629436111989,0,2.34246618670667,1,393.5,0.646809357588967
CD002042_pub6_data,8,CD002042_pub6_data,8::6,4,1574,0.0741176470588235,binary,0,-0.487269183852896,0.0265261547930997,-0.461782474692755,0.0337774072098345,-0.157078849204744,FALSE,8919.46592035171,0.176467965016669,Premature,LOW (Downgrade: Imprecision),FALSE,Stable,1.38629436111989,0,2.21842079137561,1,393.5,0.529235883256917
